{
	"section1": {
		"type": "section",
		"description" : "General"
	},
	"transparency-type" : {
		"type" : "combobox",
		"default" : "panel-transparent-gradient__internal",
		"description" : "Type of transparency",
		"options" : {
			"With shadow" : "panel-transparent-gradient__internal",
			"Fully transparent" : "panel-transparent-full__internal",
			"Semi-transparent" : "panel-transparent-semi__internal",
			"Defined by theme" : "panel-transparent"
		},
		"tooltip" : "Choose the type of transparency you want."
	},
	"opacify" : {
		"type" : "switch",
		"default" : false,
		"description" : "Remove theme transparency (experimental)",
		"tooltip" : "Remove panel transparency when it's not transparent."
	},
	"first-launch" : {
		"type" : "generic",
		"default" : true
	},

	"section2": {
		"type": "section",
		"description" : "Filter panels"
	},
	"label2" : {
		"type" : "label",
		"description" : "Select the panels that will be affected by this extension."
	},
	"panel-top" : {
		"type" : "switch",
		"default" : true,
		"description" : "Top panel"
	},
	"panel-right" : {
		"type" : "switch",
		"default" : true,
		"description" : "Right panel"
	},
	"panel-bottom" : {
		"type" : "switch",
		"default" : true,
		"description" : "Bottom panel"
	},
	"panel-left" : {
		"type" : "switch",
		"default" : true,
		"description" : "Left panel"
	}
}
