{
    "overlay-key": {
        "type": "keybinding",
        "description": "Keyboard shortcut to open and close Slingshot",
        "default": "Super_L::Super_R"
    },
    "menu-icon-custom": {
        "type": "checkbox",
        "default": false,
        "description": "Use a custom icon",
        "tooltip": "Unchecking this allows the theme to set the icon",
        "dependency": "menu-icon-enabled"
    },
    "menu-icon": {
        "type": "iconfilechooser",
        "default": "/usr/share/cinnamon/theme/menu-symbolic.svg",
        "description": "Icon",
        "tooltip": "Select an icon to show in the panel.",
        "dependency": "menu-icon-custom",
        "indent": "true"
    },
    "menu-label": {
        "type": "entry",
        "default": "Menu",
        "description": "Text",
        "tooltip": "Enter custom text to show in the panel."
    },
    "slingshot-icon-size": {
        "type": "spinbutton",
        "default": 64,
        "min": 16,
        "max": 128,
        "step": 1,
        "units": "pixels",
        "description": "Icon size:",
        "tooltip": "Set the Slingshot icon size."
    },
    "slingshot-columns": {
        "type": "spinbutton",
        "default": 5,
        "min": 4,
        "max": 10,
        "step": 1,
        "units": "columns",
        "description": "Columns:",
        "tooltip": "Set the Slingshot column count."    },
    "slingshot-rows": {
        "type": "spinbutton",
        "default": 3,
        "min": 2,
        "max": 10,
        "step": 1,
        "units": "rows",
        "description": "Rows:",
        "tooltip": "Set the Slingshot row count."
    },
    "slingshot-use-category": {
        "type": "checkbox",
        "default": false,
        "description": "Use category view",
        "tooltip": "Default to category view."
    },
    "slingshot-screen-resolution": {
        "type": "generic",
        "default": ""
    },
    "menu-editor-button": {
        "type": "button",
        "description": "Open the menu editor",
        "callback": "_launch_editor",
        "tooltip": "Press this button to customize your menu entries."
    }
}
